label,sentence
1,"¿Cuáles son los requisitos para obtener la residencia en España?"
0,"The cat sat on the mat."
1,"How long does the visa application process take for Spain?"
0,"I love sunny days in the park."
1,"What is the cost of a student visa for Spain?"
0,"She enjoys dancing salsa on weekends."
1,"¿Cómo puedo solicitar una visa de trabajo en España?"
0,"The mountains in Spain are breathtaking."
1,"Where can I find information about Spanish immigration policies?"
0,"My favorite food is paella."
1,"¿Qué documentos necesito para la solicitud de residencia en España?"
0,"I like to watch Spanish soccer matches."
1,"What are the current immigration laws in Spain?"
0,"The beach in Barcelona is beautiful."
1,"¿Cuánto tiempo dura el proceso de obtención de una visa de turista para España?"
0,"I'm a fan of Spanish literature."
1,"How can I apply for Spanish citizenship?"
0,"I prefer Spanish wine over French wine."
1,"¿Es posible obtener la residencia por inversión en España?"
0,"I enjoy listening to flamenco music."
1,"Where can I get information about Spanish work permits?"
0,"I'm planning a trip to Madrid."
1,"¿Cuáles son los trámites para obtener una visa de estudiante en España?"
0,"I like to practice my Spanish language skills."
1,"What are the requirements for a family reunion visa in Spain?"
0,"I have a collection of Spanish artwork."
1,"¿Puedo traer a mi familia a vivir conmigo si obtengo la residencia en España?"
0,"I'm learning Spanish at a language school."
1,"What is the process for renewing a Spanish residence permit?"
0,"I want to explore the Spanish countryside."
1,"¿Cuál es el plazo de validez de un visado de trabajo en España?"
0,"I enjoy eating tapas in Barcelona."
1,"How can I extend my Spanish tourist visa?"
0,"I'm a fan of Spanish football."
1,"¿Cuánto tiempo se tarda en obtener la ciudadanía española?"
0,"I love the architecture in Valencia."
1,"What is the procedure for getting a student visa for Spain?"
0,"I often visit Spanish-speaking countries."
1,"¿Cuáles son los requisitos para la residencia permanente en España?"
0,"I'm planning to visit Andalusia."
1,"How do I apply for a work visa in Spain?"
0,"I can speak a bit of Spanish."
1,"¿Puedo trabajar en España con una visa de estudiante?"
0,"I admire the art in the Prado Museum."
1,"What is the minimum investment required for an investor visa in Spain?"
0,"I enjoy watching Spanish movies."
1,"¿Cuáles son las condiciones para obtener una visa de reagrupación familiar en España?"
0,"I dream of visiting the Alhambra."
1,"How long can I stay in Spain with a tourist visa?"
0,"I've traveled to Spanish-speaking countries before."
1,"¿Cuál es el proceso para renovar una tarjeta de residencia en España?"
0,"I plan to hike in the Spanish Pyrenees."
1,"Can I apply for a work visa while in Spain on a tourist visa?"
0,"I like to cook Spanish dishes at home."
1,"¿Cuáles son los beneficios de obtener la ciudadanía española?"
0,"I've been to Madrid and Barcelona."
1,"What are the requirements for a student visa in Spain?"
0,"I enjoy learning about Spanish history."
1,"¿Cómo puedo solicitar una visa de residencia por trabajo en España?"
0,"I plan to visit the Canary Islands."
1,"How can I check the status of my Spanish visa application?"
0,"I like to dance to Spanish music."
1,"¿Cuál es el proceso para obtener una visa de emprendedor en España?"
0,"I have friends in Barcelona."
1,"What is the duration of a work permit in Spain?"
0,"I hope to see a bullfight in Seville."
1,"¿Puedo estudiar y trabajar en España con una visa de estudiante?"
0,"I enjoy the Spanish Mediterranean cuisine."
1,"How do I apply for a family reunion visa in Spain?"
0,"I love the culture of Catalonia."
1,"¿Cuáles son los documentos necesarios para la solicitud de una visa de inversión en España?"
0,"I want to explore the Basque Country."
1,"Can I bring my spouse and children with me if I get a residence permit in Spain?"
0,"I've traveled to Spanish-speaking countries in Latin America."
1,"What is the processing time for a Spanish residence visa?"
0,"I'm a fan of Spanish flamenco dancing."
1,"¿Cuál es el proceso para obtener la nacionalidad española por matrimonio?"
0,"I'm planning a trip to Ibiza."
1,"How can I apply for a self-employed visa in Spain?"
0,"I enjoy the beaches of Costa del Sol."
1,"¿Cuáles son las condiciones para una visa humanitaria en España?"
0,"I love the music festivals in Spain."
1,"What is the maximum stay on a tourist visa for Spain?"
0,"I want to experience the fiestas of Pamplona."
1,"¿Qué derechos tengo como residente en España?"
0,"I'm a fan of Spanish architecture."
1,"How can I appeal a visa rejection in Spain?"
0,"I enjoy hiking in the Spanish Sierra Nevada."
1,"¿Puedo obtener la residencia en España si tengo antecedentes penales?"
0,"I plan to visit the Balearic Islands."
1,"What is the minimum income requirement for a retirement visa in Spain?"
0,"I like to try different Spanish wines."
1,"¿Cuál es el procedimiento para solicitar una visa de estudios de posgrado en España?"
0,"I'm fascinated by Spanish art."
1,"How can I apply for a research visa in Spain?"
0,"I want to attend a bullfight in Madrid."
1,"¿Cuáles son los requisitos para la renovación de una visa de trabajo en España?"
0,"I enjoy the tapas culture in Seville."
1,"What are the benefits of obtaining permanent residency in Spain?"
0,"I'm planning to visit the Canary Islands."
1,"¿Cómo puedo traer a mis padres a vivir conmigo en España?"
0,"I have relatives in Valencia."
1,"How do I apply for an artist visa in Spain?"
0,"I'm interested in Spanish literature."
1,"¿Cuáles son los trámites para obtener la nacionalidad española por residencia?"
0,"I want to explore the historic cities of Spain."
1,"What is the validity period of a Spanish tourist visa?"
0,"I'm learning to dance salsa."
1,"¿Puedo obtener la ciudadanía española si tengo hijos nacidos en España?"
0,"I plan to visit the Pyrenees mountains."
1,"How can I obtain a visa for Spanish language studies?"
0,"I'm a fan of Spanish football clubs."
1,"¿Cuál es el proceso para obtener una visa de jubilación en España?"
0,"I enjoy the art galleries in Barcelona."
1,"What is the quota for skilled worker visas in Spain?"
0,"I'm learning Catalan."
1,"What are the steps to apply for a work permit in Spain?"
0,"I love the beaches along the Costa Brava."
1,"¿Cuáles son los derechos de los trabajadores extranjeros en España?"
0,"I enjoy the nightlife in Madrid."
1,"How can I obtain a long-term residence permit in Spain?"
0,"I want to visit the Guggenheim Museum in Bilbao."
1,"¿Cuál es el proceso para solicitar una visa humanitaria en España?"
0,"I like to watch Spanish soap operas."
1,"What is the duration of a student visa for Spain?"
0,"I plan to go wine tasting in Rioja."
1,"¿Puedo obtener la residencia permanente en España después de un año de trabajo?"
0,"I'm a fan of Spanish pop music."
1,"How do I prove financial means for a Spanish visa?"
0,"I enjoy the cuisine of Andalusia."
1,"¿Cuál es el procedimiento para solicitar una visa de investigación en España?"
0,"I want to witness the Running of the Bulls in Pamplona."
1,"What are the language requirements for Spanish citizenship?"
0,"I'm interested in Spanish fashion."
1,"¿Puedo solicitar la residencia en España si tengo una oferta de empleo?"
0,"I plan to visit the historic Alcazar in Toledo."
1,"How can I bring my pet with me when moving to Spain?"
0,"I love the vibrant colors of Spanish festivals."
1,"¿Cuál es el proceso para solicitar una visa de emprendedor de start-up en España?"
0,"I enjoy reading Spanish literature."
1,"What are the options for family reunification in Spain?"
0,"I'm a fan of Spanish architecture."
1,"¿Puedo obtener la residencia en España si soy inversor en una empresa local?"
0,"I plan to explore the Camino de Santiago."
1,"How can I transfer my foreign driver's license to Spain?"
0,"I like to watch Spanish cooking shows."
1,"¿Cuáles son los requisitos para una visa de estudios de idiomas en España?"
0,"I want to experience the Fallas festival in Valencia."
1,"What are the healthcare benefits for residents in Spain?"
0,"I'm a fan of Spanish rock music."
1,"¿Puedo trabajar como profesor de inglés en España con una visa de trabajo?"
0,"I plan to visit the historic sites in Segovia."
1,"How can I apply for a startup visa in Spain?"
0,"I enjoy attending Spanish flamenco performances."
1,"¿Cuáles son los derechos de los estudiantes extranjeros en España?"
0,"I want to explore the Canary Islands' natural beauty."
1,"What is the process for obtaining a visa for artistic performances in Spain?"
0,"I'm a fan of Spanish indie films."
1,"¿Puedo obtener la ciudadanía española si tengo ascendencia española?"
0,"I plan to hike in the Sierra de Guadarrama."
1,"How can I appeal a visa denial in Spain?"
0,"I enjoy learning about Spanish traditions."
1,"¿Cuáles son los trámites para obtener una visa de turismo familiar en España?"
0,"I want to attend a traditional Spanish bullfight."
1,"What are the tax implications for expats in Spain?"
0,"I'm a fan of Spanish classical music."
1,"¿Puedo obtener la residencia en España si soy inversor en bienes raíces?"
0,"I plan to visit the beaches of Costa del Sol."
1,"How can I apply for a freelance visa in Spain?"
0,"I enjoy watching Spanish television series."
1,"¿Cuáles son los beneficios de obtener la nacionalidad española?"
0,"I want to visit the historical sites in Granada."
1,"What is the process for obtaining a retirement visa in Spain?"
0,"I'm learning to speak Catalan."
1,"What are the conditions for obtaining a work visa in Spain?"
0,"I love the Mediterranean climate in Spain."
1,"¿Cuál es la duración de una visa de estudiante en España?"
0,"I plan to explore the historic streets of Seville."
1,"How can I sponsor a family member for a visa in Spain?"
0,"I'm a fan of Spanish telenovelas."
1,"¿Cuáles son los requisitos para una visa de residencia para jubilados en España?"
0,"I enjoy the art scene in Barcelona."
1,"What is the process for obtaining a talent visa in Spain?"
0,"I want to try authentic Spanish paella."
1,"¿Cuál es el proceso para obtener la residencia por inversión en bienes raíces en España?"
0,"I like to learn Spanish through online courses."
1,"How long does it take to process a student visa application for Spain?"
0,"I plan to visit the historic Alhambra palace."
1,"¿Cuáles son las tasas de matrícula para estudiantes internacionales en España?"
0,"I'm a fan of Spanish literature Nobel laureates."
1,"What are the requirements for obtaining an entrepreneur visa in Spain?"
0,"I enjoy the music of Spanish guitarists."
1,"¿Cuál es el proceso para solicitar una visa de artista en España?"
0,"I want to experience the Running of the Bulls in Pamplona."
1,"How can I bring my pet to Spain when relocating?"
0,"I love the traditional Spanish festivals."
1,"¿Cuál es el procedimiento para obtener una visa de trabajo temporal en España?"
0,"I plan to visit the historic city of Toledo."
1,"What are the language proficiency requirements for a Spanish visa?"
0,"I'm a fan of Spanish fashion designers."
1,"¿Puedo obtener la residencia en España si tengo una oferta de trabajo remoto?"
0,"I want to explore the Spanish wine regions."
1,"How can I apply for a research fellowship in Spain?"
0,"I enjoy the cuisine of Catalonia."
1,"¿Cuáles son los documentos necesarios para una visa de estudios de posgrado en España?"
0,"I plan to attend a Spanish language school."
1,"What are the rights and benefits of permanent residency in Spain?"
0,"I'm a fan of Spanish modernist architecture."
1,"¿Puedo trabajar en España con una visa de residencia por estudios?"
0,"I want to discover the beauty of Spanish islands like Mallorca."
1,"How do I obtain Spanish citizenship through marriage?"
0,"I enjoy exploring the historic neighborhoods of Madrid."
1,"¿Cuál es el proceso para obtener una visa humanitaria en caso de refugiados en España?"
0,"I plan to visit the Spanish vineyards."
1,"What is the process for obtaining a skilled worker visa in Spain?"
0,"I'm a fan of Spanish street art."
1,"¿Cuáles son los beneficios de obtener la ciudadanía española por inversión?"
0,"I want to witness a traditional Spanish bull run."
1,"How can I renew my Spanish work visa?"
0,"I enjoy attending Spanish music festivals."
1,"¿Cuáles son los plazos para la renovación de una visa de estudiante en España?"
0,"I plan to explore the natural beauty of the Pyrenees."
1,"What are the options for humanitarian visas in Spain?"
0,"I'm a fan of Spanish dance performances."
1,"¿Puedo obtener la residencia en España si soy artista talentoso?"
0,"I want to experience the Carnival of Tenerife."
1,"How can I apply for an investor visa in Spain?"
0,"I enjoy watching Spanish documentaries."
1,"¿Cuáles son los requisitos para una visa de reagrupación familiar en España?"
0,"I plan to visit the historic town of Ronda."
1,"What is the process for obtaining a researcher visa in Spain?"
0,"I'm a fan of Spanish contemporary art."
1,"¿Puedo obtener la ciudadanía española si tengo hijos nacidos en España?"
0,"I want to hike in the Picos de Europa."
1,"What are the income requirements for a retirement visa in Spain?"
0,"I enjoy exploring the charming villages of Spain."
1,"¿Cuáles son los trámites para obtener una visa de trabajo en hostelería en España?"
0,"I plan to visit the beautiful beaches of Mallorca."
1,"How can I transfer my foreign nursing license to work in Spain?"
0,"I'm a fan of Spanish opera."
1,"¿Cuáles son los derechos laborales de los inmigrantes en España?"
0,"I want to witness the Semana Santa in Seville."
1,"What is the process for obtaining a student visa for language courses in Spain?"
0,"I enjoy cooking traditional Spanish dishes."
1,"¿Cuáles son las condiciones para obtener una visa de inversión en el sector tecnológico en España?"
0,"I plan to attend a Spanish flamenco dance class."
1,"How long does it take to process a family reunion visa application for Spain?"
0,"I'm a fan of Spanish cinema."
1,"¿Cuáles son los requisitos para obtener una visa de residencia no lucrativa en España?"
0,"I want to explore the historical sites of Granada."
1,"What is the procedure for renewing a work visa in Spain?"
0,"I enjoy learning about Spanish traditions and folklore."
1,"¿Puedo obtener la residencia en España si compro una propiedad en la costa?"
0,"I plan to visit the picturesque villages of Andalusia."
1,"How can I apply for a medical internship visa in Spain?"
0,"I'm a fan of Spanish poetry."
1,"¿Cuáles son los beneficios de obtener la nacionalidad española por ascendencia?"
0,"I want to experience the lively atmosphere of Barcelona."
1,"What are the requirements for obtaining a family reunion visa for elderly parents in Spain?"
0,"I enjoy the Spanish tradition of tapas."
1,"¿Cuál es el plazo de validez de una visa de trabajo temporal en España?"
0,"I plan to explore the historic castles of Spain."
1,"How can I obtain a visa for religious mission work in Spain?"
0,"I'm a fan of Spanish jazz music."
1,"¿Cuáles son los derechos de los refugiados en España?"
0,"I want to visit the wine cellars of La Rioja."
1,"What is the process for obtaining a visa for scientific research in Spain?"
0,"I enjoy watching Spanish stand-up comedy."
1,"¿Cuáles son los trámites para obtener una visa de voluntariado en España?"
0,"I plan to attend a Spanish language immersion program."
1,"How can I apply for an artist's residence visa in Spain?"
0,"I'm a fan of Spanish street food."
1,"¿Cuáles son los requisitos para obtener una visa de estudiante de medicina en España?"
0,"I want to experience the vibrant Feria de Abril in Seville."
1,"What is the validity period of a visa for humanitarian work in Spain?"
0,"I enjoy the Spanish tradition of siesta."
1,"¿Puedo obtener la residencia en España si tengo una empresa de tecnología?"
0,"I plan to visit the historic city of Córdoba."
1,"How do I appeal a visa rejection for Spain?"
0,"I'm a fan of Spanish classical guitar."
1,"¿Cuáles son los beneficios de obtener la ciudadanía española por inversión en startups?"
0,"I want to witness the Tomatina festival in Buñol."
1,"What is the process for obtaining a visa for cultural exchange in Spain?"
0,"I enjoy exploring the Moorish architecture of Spain."
1,"¿Cuáles son las condiciones para obtener una visa humanitaria para víctimas de desastres en España?"
0,"I plan to attend a Spanish wine tasting event."
1,"How can I apply for a sports visa to compete in Spain?"
0,"I'm a fan of Spanish electronic music."
1,"¿Cuáles son los requisitos para obtener una visa de residencia para artistas en España?"
0,"I want to experience the Carnival of Cadiz."
1,"What is the procedure for obtaining a visa for religious pilgrims in Spain?"
0,"I enjoy watching Spanish bullfighting."
1,"What are the requirements for obtaining a visa for scientific research in Spain?"
0,"I'm a fan of Spanish cuisine, especially paella."
1,"¿Cuáles son los pasos para solicitar una visa de trabajo temporal en España?"
0,"I plan to visit the historic city of Salamanca."
1,"How can I apply for a visa for humanitarian work in Spain?"
0,"I enjoy reading Spanish novels."
1,"¿Cuál es el proceso para obtener la residencia en España si soy inversor en una startup?"
0,"I want to explore the beautiful landscapes of Spain."
1,"What is the validity period of a student visa for Spain?"
0,"I'm a fan of Spanish contemporary dance."
1,"¿Cuáles son los beneficios de obtener la ciudadanía española por matrimonio?"
0,"I plan to attend a Spanish flamenco show."
1,"How do I prove financial means for a Spanish retirement visa?"
0,"I enjoy the cultural diversity of Spain."
1,"¿Cuáles son los trámites para obtener una visa humanitaria para refugiados en España?"
0,"I want to experience the Spanish Easter traditions."
1,"What is the process for obtaining a visa for language study in Spain?"
0,"I'm a fan of Spanish reggaeton music."
1,"¿Cuál es el proceso para renovar una visa de residencia no lucrativa en España?"
0,"I plan to visit the historic town of Girona."
1,"How can I extend my tourist visa in Spain?"
0,"I enjoy the art galleries of Madrid."
1,"¿Cuáles son los requisitos para obtener una visa de trabajo para artistas en España?"
0,"I want to experience the beauty of Spanish cathedrals."
1,"What are the conditions for obtaining a family reunion visa for siblings in Spain?"
0,"I'm a fan of Spanish stand-up comedy."
1,"¿Cuál es el plazo de validez de una visa de trabajo para emprendedores en España?"
0,"I plan to explore the Spanish islands."
1,"How can I bring my spouse and children with me when I get a residence permit in Spain?"
0,"I enjoy the Spanish tradition of afternoon siestas."
1,"¿Cuáles son los documentos necesarios para solicitar una visa de estudios de posgrado en España?"
0,"I want to experience the San Fermín festival in Pamplona."
1,"What is the process for obtaining a visa for cultural exchange programs in Spain?"
0,"I'm a fan of Spanish opera singers."
1,"¿Cuáles son las condiciones para obtener una visa de reagrupación familiar para padres en España?"
0,"I plan to visit the historic city of Segovia."
1,"How can I apply for a visa for religious studies in Spain?"
0,"I enjoy learning about Spanish history through documentaries."
1,"¿Cuáles son los derechos laborales de los trabajadores extranjeros en España?"
0,"I want to experience the lively atmosphere of Barcelona's La Rambla."
1,"What is the process for obtaining a visa for medical internships in Spain?"
0,"I'm a fan of Spanish flamenco guitar music."
1,"¿Cuáles son los requisitos para obtener una visa de residencia por trabajo en hostelería en España?"
0,"I plan to explore the traditional villages of Catalonia."
1,"How long does it take to process a skilled worker visa application for Spain?"
0,"I enjoy attending Spanish music festivals."
1,"¿Cuáles son las tasas de matrícula para estudiantes internacionales en universidades españolas?"
0,"I want to witness the Carnival of Santa Cruz de Tenerife."
1,"What is the process for obtaining a visa for artistic performances and exhibitions in Spain?"
0,"I'm a fan of Spanish comic books."
1,"¿Cuáles son los derechos de los estudiantes extranjeros en universidades españolas?"
0,"I plan to attend a Spanish-language immersion program."
1,"How can I apply for an entrepreneur visa for startups in Spain?"
0,"I enjoy exploring the natural beauty of the Spanish countryside."
1,"¿Cuáles son los beneficios de obtener la nacionalidad española por inversión en bienes raíces?"
0,"I want to experience the Feria de Abril in Seville."
1,"What is the process for obtaining a visa for humanitarian purposes in Spain?"
0,"I'm a fan of Spanish street art and murals."
1,"What are the income requirements for a work visa in Spain?"
0,"I enjoy visiting Spanish historical sites."
1,"¿Cuál es la duración máxima de una visa de turista en España?"
0,"I plan to explore the diverse regions of Spain."
1,"How can I apply for a family reunion visa for my parents in Spain?"
0,"I'm a fan of Spanish folk music."
1,"¿Cuáles son los requisitos para una visa de residencia para jubilados con inversiones en España?"
0,"I want to experience the vibrant atmosphere of Spanish festivals."
1,"What is the process for obtaining a talent visa for artists in Spain?"
0,"I enjoy trying different types of Spanish cuisine."
1,"¿Cuál es el proceso para obtener la residencia en España si soy inversor en startups tecnológicas?"
0,"I plan to attend a Spanish language course in Madrid."
1,"How long does it take to process a humanitarian visa application for Spain?"
0,"I'm a fan of Spanish urban fashion."
1,"¿Cuáles son los beneficios de obtener la ciudadanía española por ascendencia?"
0,"I want to explore the natural beauty of the Spanish Pyrenees."
1,"What are the requirements for obtaining a family reunion visa for adult children in Spain?"
0,"I enjoy watching Spanish soccer matches."
1,"¿Cuál es el plazo de validez de una visa de trabajo temporal en España?"
0,"I plan to visit the historic city of Toledo."
1,"How can I apply for a religious worker visa in Spain?"
0,"I'm a fan of Spanish contemporary literature."
1,"¿Cuáles son los derechos de los refugiados en España?"
0,"I want to experience the vibrant atmosphere of Las Ramblas in Barcelona."
1,"What is the process for obtaining a visa for language study in Spain?"
0,"I enjoy exploring the historic neighborhoods of Seville."
1,"¿Cuáles son las condiciones para obtener una visa humanitaria para víctimas de desastres en España?"
0,"I plan to attend a Spanish wine tasting event."
1,"How can I apply for a sports visa to compete in Spain?"
0,"I'm a fan of Spanish electronic dance music."
1,"¿Cuáles son los requisitos para obtener una visa de residencia para artistas en España?"
0,"I want to witness the La Tomatina festival in Buñol."
1,"What is the procedure for obtaining a visa for religious pilgrims in Spain?"
0,"I enjoy watching Spanish bullfighting."
1,"¿Cuáles son los derechos laborales de los trabajadores extranjeros en España?"
0,"I want to explore the historic town of Ronda."
1,"How long does it take to process a skilled worker visa application for Spain?"
0,"I'm a fan of Spanish street art and graffiti."
1,"¿Cuáles son las tasas de matrícula para estudiantes internacionales en universidades españolas?"
0,"I plan to visit the beaches of Costa del Sol."
1,"What is the process for obtaining a visa for artistic performances and exhibitions in Spain?"
0,"I enjoy reading Spanish comics."
1,"¿Cuáles son los derechos de los estudiantes extranjeros en universidades españolas?"
0,"I want to experience the Carnival of Cádiz."
1,"How can I apply for an entrepreneur visa for startups in Spain?"
0,"I'm a fan of Spanish indie rock music."
1,"¿Cuáles son los beneficios de obtener la nacionalidad española por inversión en bienes raíces?"
0,"I plan to attend the San Fermín festival in Pamplona."
1,"What is the process for obtaining a visa for humanitarian purposes in Spain?"
0,"I enjoy exploring the historic alleys of Granada."
1,"What are the qualifications for a work visa in Spain?"
0,"I like to watch Spanish TV shows."
1,"¿Cuál es el proceso para solicitar una visa de estudios en España?"
0,"I plan to visit the beautiful beaches of the Balearic Islands."
1,"How can I sponsor a family member for a visa in Spain?"
0,"I'm a fan of Spanish fashion designers."
1,"¿Cuáles son los requisitos para una visa de residencia para jubilados en España?"
0,"I want to experience the excitement of Spanish fiestas."
1,"What is the process for obtaining a talent visa for artists and performers in Spain?"
0,"I enjoy trying traditional Spanish dishes like gazpacho."
1,"¿Cuál es el procedimiento para obtener la residencia por inversión en bienes raíces en España?"
0,"I plan to explore the historic architecture of Spanish cities."
1,"How long does it take to process a student visa application for Spain?"
0,"I'm a fan of Spanish street performers."
1,"¿Cuáles son las tasas de matrícula para estudiantes extranjeros en universidades españolas?"
0,"I want to witness the excitement of the Running of the Bulls in Pamplona."
1,"What is the process for obtaining a visa for language study programs in Spain?"
0,"I enjoy the vibrant nightlife of Spanish cities."
1,"¿Cuáles son las condiciones para obtener una visa humanitaria en caso de desastres naturales en España?"
0,"I plan to attend a Spanish flamenco music concert."
1,"How can I apply for a sports visa to compete in Spain?"
0,"I'm a fan of Spanish contemporary art exhibitions."
1,"¿Cuáles son los requisitos para una visa de residencia para artistas y creativos en España?"
0,"I want to experience the Semana Santa processions in Spain."
1,"What is the procedure for obtaining a visa for religious workers and missionaries in Spain?"
0,"I enjoy the traditional Spanish custom of tapas."
1,"¿Cuáles son los derechos laborales de los trabajadores extranjeros en España?"
0,"I plan to visit the historic town of Tarragona."
1,"How long does it take to process a skilled worker visa application for Spain?"
0,"I'm a fan of Spanish contemporary dance performances."
1,"¿Cuáles son las tasas de matrícula para programas de posgrado en universidades españolas?"
0,"I want to explore the natural beauty of the Spanish countryside."
1,"What is the process for obtaining a visa for scientific research and scholars in Spain?"
0,"I enjoy the cultural diversity of Spanish festivals."
1,"¿Cuáles son las condiciones para obtener una visa humanitaria en caso de refugiados en España?"
0,"I plan to attend a Spanish wine tasting event."
1,"How can I apply for an entrepreneur visa for startup ventures in Spain?"
0,"I'm a fan of Spanish electronic music festivals."
1,"¿Cuáles son los requisitos para una visa de residencia para profesionales médicos en España?"
0,"I want to witness the Feria de Abril in Seville."
1,"What is the process for obtaining a visa for humanitarian purposes in Spain?"
0,"I enjoy exploring the historic sites of Spain's ancient civilizations."
1,"¿Cuáles son las condiciones para obtener una visa de reagrupación familiar para hijos en España?"
0,"I plan to visit the traditional bodegas of La Mancha."
1,"How can I apply for a religious studies visa in Spain?"
0,"I'm a fan of Spanish contemporary photography."
1,"¿Cuáles son los derechos laborales de los estudiantes extranjeros que trabajan en España?"
0,"I want to experience the lively atmosphere of Valencia's Fallas festival."
1,"What is the process for obtaining a visa for cultural exchange and arts programs in Spain?"
0,"I enjoy the traditional Spanish art of flamenco dance."
1,"¿Cuáles son los requisitos para una visa humanitaria en caso de emergencias médicas en España?"
0,"I plan to visit the historic Roman ruins in Mérida, Spain."
1,"What are the requirements for obtaining a visa for scientific research in Spain?"
0,"I enjoy exploring Spanish museums and art galleries."
1,"¿Cuál es la duración máxima de una visa de turista en España?"
0,"I plan to hike in the Spanish national parks."
1,"How can I apply for a family reunion visa for my parents in Spain?"
0,"I'm a fan of Spanish flamenco music."
1,"¿Cuáles son los requisitos para una visa de residencia para jubilados con inversiones en España?"
0,"I want to experience the excitement of Spanish bullfighting."
1,"What is the process for obtaining a talent visa for artists and performers in Spain?"
0,"I enjoy trying traditional Spanish dishes like paella."
1,"¿Cuál es el procedimiento para obtener la residencia por inversión en bienes raíces en España?"
0,"I plan to explore the historic architecture of Spanish cities."
1,"How long does it take to process a student visa application for Spain?"
0,"I'm a fan of Spanish street performers."
1,"¿Cuáles son las tasas de matrícula para estudiantes extranjeros en universidades españolas?"
0,"I want to witness the excitement of the Running of the Bulls in Pamplona."
1,"What is the process for obtaining a visa for language study programs in Spain?"
0,"I enjoy the vibrant nightlife of Spanish cities."
1,"¿Cuáles son las condiciones para obtener una visa humanitaria en caso de desastres naturales en España?"
0,"I plan to attend a Spanish flamenco music concert."
1,"How can I apply for a sports visa to compete in Spain?"
0,"I'm a fan of Spanish contemporary art exhibitions."
1,"¿Cuáles son los requisitos para una visa de residencia para artistas y creativos en España?"
0,"I want to experience the Semana Santa processions in Spain."
1,"What is the procedure for obtaining a visa for religious workers and missionaries in Spain?"
0,"I enjoy the traditional Spanish custom of tapas."
1,"¿Cuáles son los derechos laborales de los trabajadores extranjeros en España?"
0,"I plan to visit the historic town of Tarragona."
1,"How long does it take to process a skilled worker visa application for Spain?"
0,"I'm a fan of Spanish contemporary dance performances."
1,"¿Cuáles son las tasas de matrícula para programas de posgrado en universidades españolas?"
0,"I want to explore the natural beauty of the Spanish countryside."
1,"What is the process for obtaining a visa for scientific research and scholars in Spain?"
0,"I enjoy the cultural diversity of Spanish festivals."
1,"¿Cuáles son las condiciones para obtener una visa humanitaria en caso de refugiados en España?"
0,"I plan to attend a Spanish wine tasting event."
1,"How can I apply for an entrepreneur visa for startup ventures in Spain?"
0,"I'm a fan of Spanish electronic music festivals."
1,"¿Cuáles son los requisitos para una visa de residencia para profesionales médicos en España?"
0,"I want to witness the Feria de Abril in Seville."
1,"What is the process for obtaining a visa for humanitarian purposes in Spain?"
0,"I enjoy exploring the historic sites of Spain's ancient civilizations."
1,"¿Cuáles son las condiciones para obtener una visa de reagrupación familiar para hijos en España?"
0,"I plan to visit the traditional bodegas of La Mancha."
1,"How can I apply for a religious studies visa in Spain?"
0,"I'm a fan of Spanish contemporary photography."
1,"¿Cuáles son los derechos laborales de los estudiantes extranjeros que trabajan en España?"
0,"I want to experience the lively atmosphere of Valencia's Fallas festival."
1,"What is the process for obtaining a visa for cultural exchange and arts programs in Spain?"
0,"I enjoy the traditional Spanish art of flamenco dance."
1,"¿Cuáles son los requisitos para una visa humanitaria en caso de emergencias médicas en España?"
0,"I plan to visit the historic Roman ruins in Mérida, Spain."
1,"What are the qualifications for obtaining a work visa in Spain?"
0,"I enjoy exploring Spanish museums and art galleries."
1,"¿Cuál es la duración máxima de una visa de turista en España?"
0,"I plan to hike in the Spanish national parks."
1,"How can I apply for a family reunion visa for my parents in Spain?"
0,"I'm a fan of Spanish flamenco music."
1,"¿Cuáles son los requisitos para una visa de residencia para jubilados con inversiones en España?"
0,"I want to experience the excitement of Spanish bullfighting."
1,"What is the process for obtaining a talent visa for artists and performers in Spain?"
0,"I enjoy trying traditional Spanish dishes like paella."
1,"¿Cuál es el procedimiento para obtener la residencia por inversión en bienes raíces en España?"
0,"I plan to explore the historic architecture of Spanish cities."
1,"How long does it take to process a student visa application for Spain?"
0,"I'm a fan of Spanish street performers."
1,"¿Cuáles son las tasas de matrícula para estudiantes extranjeros en universidades españolas?"
0,"I want to witness the excitement of the Running of the Bulls in Pamplona."
1,"What is the process for obtaining a visa for language study programs in Spain?"
0,"I enjoy the vibrant nightlife of Spanish cities."
1,"¿Cuáles son las condiciones para obtener una visa humanitaria en caso de desastres naturales en España?"
0,"I plan to attend a Spanish flamenco music concert."
1,"How can I apply for a sports visa to compete in Spain?"
0,"I'm a fan of Spanish contemporary art exhibitions."
1,"¿Cuáles son los requisitos para una visa de residencia para artistas y creativos en España?"
0,"I want to experience the Semana Santa processions in Spain."
1,"What is the procedure for obtaining a visa for religious workers and missionaries in Spain?"
0,"I enjoy the traditional Spanish custom of tapas."
1,"¿Cuáles son los derechos laborales de los trabajadores extranjeros en España?"
0,"I plan to visit the historic town of Tarragona."
1,"How long does it take to process a skilled worker visa application for Spain?"
0,"I'm a fan of Spanish contemporary dance performances."
1,"¿Cuáles son las tasas de matrícula para programas de posgrado en universidades españolas?"
0,"I want to explore the natural beauty of the Spanish countryside."
1,"What is the process for obtaining a visa for scientific research and scholars in Spain?"
0,"I enjoy the cultural diversity of Spanish festivals."
1,"¿Cuáles son las condiciones para obtener una visa humanitaria en caso de refugiados en España?"
0,"I plan to attend a Spanish wine tasting event."
1,"How can I apply for an entrepreneur visa for startup ventures in Spain?"
0,"I'm a fan of Spanish electronic music festivals."
1,"¿Cuáles son los requisitos para una visa de residencia para profesionales médicos en España?"
0,"I want to witness the Feria de Abril in Seville."
1,"What is the process for obtaining a visa for humanitarian purposes in Spain?"
0,"I enjoy exploring the historic sites of Spain's ancient civilizations."
1,"¿Cuáles son las condiciones para obtener una visa de reagrupación familiar para hijos en España?"
0,"I plan to visit the traditional bodegas of La Mancha."
1,"How can I apply for a religious studies visa in Spain?"
0,"I'm a fan of Spanish contemporary photography."
1,"¿Cuáles son los derechos laborales de los estudiantes extranjeros que trabajan en España?"
0,"I want to experience the lively atmosphere of Valencia's Fallas festival."
1,"What is the process for obtaining a visa for cultural exchange and arts programs in Spain?"
0,"I enjoy the traditional Spanish art of flamenco dance."
1,"¿Cuáles son los requisitos para una visa humanitaria en caso de emergencias médicas en España?"
0,"I plan to visit the historic Roman ruins in Mérida, Spain."
1,"What are the qualifications for obtaining a work visa in Spain?"
0,"I enjoy exploring Spanish museums and art galleries."
1,"¿Cuál es la duración máxima de una visa de turista en España?"
0,"I plan to hike in the Spanish national parks."
1,"How can I apply for a family reunion visa for my parents in Spain?"
0,"I'm a fan of Spanish flamenco music."
1,"¿Cuáles son los requisitos para una visa de residencia para jubilados con inversiones en España?"
0,"I want to experience the excitement of Spanish bullfighting."
1,"What is the process for obtaining a talent visa for artists and performers in Spain?"
0,"I enjoy trying traditional Spanish dishes like paella."
1,"¿Cuál es el procedimiento para obtener la residencia por inversión en bienes raíces en España?"
0,"I plan to explore the historic architecture of Spanish cities."
1,"How long does it take to process a student visa application for Spain?"
0,"I'm a fan of Spanish street performers."
1,"¿Cuáles son las tasas de matrícula para estudiantes extranjeros en universidades españolas?"
0,"I want to witness the excitement of the Running of the Bulls in Pamplona."
1,"What is the process for obtaining a visa for language study programs in Spain?"
0,"I enjoy the vibrant nightlife of Spanish cities."
1,"¿Cuáles son las condiciones para obtener una visa humanitaria en caso de desastres naturales en España?"
0,"I plan to attend a Spanish flamenco music concert."
1,"How can I apply for a sports visa to compete in Spain?"
0,"I'm a fan of Spanish contemporary art exhibitions."
1,"¿Cuáles son los requisitos para una visa de residencia para artistas y creativos en España?"
0,"I want to experience the Semana Santa processions in Spain."
1,"What is the procedure for obtaining a visa for religious workers and missionaries in Spain?"
0,"I enjoy the traditional Spanish custom of tapas."
1,"¿Cuáles son los derechos laborales de los trabajadores extranjeros en España?"
0,"I plan to visit the historic town of Tarragona."
1,"How long does it take to process a skilled worker visa application for Spain?"
0,"I'm a fan of Spanish contemporary dance performances."
1,"¿Cuáles son las tasas de matrícula para programas de posgrado en universidades españolas?"
0,"I want to explore the natural beauty of the Spanish countryside."
1,"What is the process for obtaining a visa for scientific research and scholars in Spain?"
0,"I enjoy the cultural diversity of Spanish festivals."
1,"¿Cuáles son las condiciones para obtener una visa humanitaria en caso de refugiados en España?"
0,"I plan to attend a Spanish wine tasting event."
1,"How can I apply for an entrepreneur visa for startup ventures in Spain?"
0,"I'm a fan of Spanish electronic music festivals."
1,"¿Cuáles son los requisitos para una visa de residencia para profesionales médicos en España?"
0,"I want to witness the Feria de Abril in Seville."
1,"What is the process for obtaining a visa for humanitarian purposes in Spain?"
0,"I enjoy exploring the historic sites of Spain's ancient civilizations."
1,"¿Cuáles son las condiciones para obtener una visa de reagrupación familiar para hijos en España?"
0,"I plan to visit the traditional bodegas of La Mancha."
1,"How can I apply for a religious studies visa in Spain?"
0,"I'm a fan of Spanish contemporary photography."
1,"¿Cuáles son los derechos laborales de los estudiantes extranjeros que trabajan en España?"
0,"I want to experience the lively atmosphere of Valencia's Fallas festival."
1,"What is the process for obtaining a visa for cultural exchange and arts programs in Spain?"
0,"I enjoy the traditional Spanish art of flamenco dance."
1,"¿Cuáles son los requisitos para una visa humanitaria en caso de emergencias médicas en España?"
0,"I plan to visit the historic Roman ruins in Mérida, Spain."
1,"How can I apply for a family reunion visa for my spouse and children in Spain?"
0,"I'm a fan of Spanish contemporary sculpture."
1,"¿Cuáles son las condiciones para obtener una visa de trabajo temporal en España?"
0,"I want to experience the vibrant atmosphere of Madrid's Puerta del Sol."
1,"What is the process for obtaining a visa for internships in Spain?"
0,"I enjoy the Spanish tradition of afternoon siestas."
1,"¿Cuáles son los requisitos para una visa de residencia para inversionistas en España?"
0,"I plan to explore the historic Jewish quarter of Toledo."
1,"How can I apply for a visa for volunteer work in Spain?"
0,"I'm a fan of Spanish urban street art."
1,"¿Cuáles son los derechos laborales de los trabajadores extranjeros en el sector agrícola en España?"
0,"I want to experience the enchanting Alhambra in Granada, Spain."
1,"What is the process for obtaining a visa for retirees in Spain?"
0,"I enjoy the traditional Spanish pottery and ceramics."
1,"¿Cuáles son los requisitos para una visa de trabajo temporal en el sector de la construcción en España?"
0,"I plan to visit the historic city walls of Ávila."
1,"How long does it take to process a visa for seasonal agricultural work in Spain?"
0,"I'm a fan of Spanish contemporary theater productions."
1,"¿Cuáles son las condiciones para obtener una visa humanitaria en caso de catástrofes en España?"
0,"I want to experience the Carnival of Cádiz, Spain."
1,"What is the process for obtaining a visa for family caregivers in Spain?"
0,"I enjoy watching Spanish nature documentaries."
1,"What are the qualifications for obtaining a work visa in Spain?"
0,"I enjoy exploring Spanish museums and art galleries."
1,"¿Cuál es la duración máxima de una visa de turista en España?"
0,"I plan to hike in the Spanish national parks."
1,"How can I apply for a family reunion visa for my parents in Spain?"
0,"I'm a fan of Spanish flamenco music."
1,"¿Cuáles son los requisitos para una visa de residencia para jubilados con inversiones en España?"
0,"I want to experience the excitement of Spanish bullfighting."
1,"What is the process for obtaining a talent visa for artists and performers in Spain?"
0,"I enjoy trying traditional Spanish dishes like paella."
1,"¿Cuál es el procedimiento para obtener la residencia por inversión en bienes raíces en España?"
0,"I plan to explore the historic architecture of Spanish cities."
1,"How long does it take to process a student visa application for Spain?"
0,"I'm a fan of Spanish street performers."
1,"¿Cuáles son las tasas de matrícula para estudiantes extranjeros en universidades españolas?"
0,"I want to witness the excitement of the Running of the Bulls in Pamplona."
1,"What is the process for obtaining a visa for language study programs in Spain?"
0,"I enjoy the vibrant nightlife of Spanish cities."
1,"¿Cuáles son las condiciones para obtener una visa humanitaria en caso de desastres naturales en España?"
0,"I plan to attend a Spanish flamenco music concert."
1,"How can I apply for a sports visa to compete in Spain?"
0,"I'm a fan of Spanish contemporary art exhibitions."
1,"¿Cuáles son los requisitos para una visa de residencia para artistas y creativos en España?"
0,"I want to experience the Semana Santa processions in Spain."
1,"What is the procedure for obtaining a visa for religious workers and missionaries in Spain?"
0,"I enjoy the traditional Spanish custom of tapas."
1,"¿Cuáles son los derechos laborales de los trabajadores extranjeros en España?"
0,"I plan to visit the historic town of Tarragona."
1,"How long does it take to process a skilled worker visa application for Spain?"
0,"I'm a fan of Spanish contemporary dance performances."
1,"¿Cuáles son las tasas de matrícula para programas de posgrado en universidades españolas?"
0,"I want to explore the natural beauty of the Spanish countryside."
1,"What is the process for obtaining a visa for scientific research and scholars in Spain?"
0,"I enjoy the cultural diversity of Spanish festivals."
1,"¿Cuáles son las condiciones para obtener una visa humanitaria en caso de refugiados en España?"
0,"I plan to attend a Spanish wine tasting event."
1,"How can I apply for an entrepreneur visa for startup ventures in Spain?"
0,"I'm a fan of Spanish electronic music festivals."
1,"¿Cuáles son los requisitos para una visa de residencia para profesionales médicos en España?"
0,"I want to witness the Feria de Abril in Seville."
1,"What is the process for obtaining a visa for humanitarian purposes in Spain?"
0,"I enjoy exploring the historic sites of Spain's ancient civilizations."
1,"¿Cuáles son las condiciones para obtener una visa de reagrupación familiar para hijos en España?"
0,"I plan to visit the traditional bodegas of La Mancha."
1,"How can I apply for a religious studies visa in Spain?"
0,"I'm a fan of Spanish contemporary photography."
1,"¿Cuáles son los derechos laborales de los estudiantes extranjeros que trabajan en España?"
0,"I want to experience the lively atmosphere of Valencia's Fallas festival."
1,"What is the process for obtaining a visa for cultural exchange and arts programs in Spain?"
0,"I enjoy the traditional Spanish art of flamenco dance."
1,"¿Cuáles son los requisitos para una visa humanitaria en caso de emergencias médicas en España?"
0,"I plan to visit the historic Roman ruins in Mérida, Spain."
1,"How can I apply for a family reunion visa for my spouse and children in Spain?"
0,"I'm a fan of Spanish contemporary sculpture."
1,"¿Cuáles son las condiciones para obtener una visa de trabajo temporal en España?"
0,"I want to experience the vibrant atmosphere of Madrid's Puerta del Sol."
1,"What is the process for obtaining a visa for internships in Spain?"
0,"I enjoy the Spanish tradition of afternoon siestas."
1,"¿Cuáles son los requisitos para una visa de residencia para inversionistas en España?"
0,"I plan to explore the historic Jewish quarter of Toledo."
1,"How long does it take to process a visa for seasonal agricultural work in Spain?"
0,"I'm a fan of Spanish contemporary theater productions."
1,"las condiciones para obtener una visa humanitaria en caso de catástrofes en España?"
0,"I want to experience the Carnival of Cádiz, Spain."
1,"What is the process for obtaining a visa for family caregivers in Spain?"
0,"I enjoy watching Spanish nature documentaries."
1,"¿Cuáles son los requisitos para una visa de trabajo temporal en el sector agrícola en España?"
0,"I want to experience the enchanting Alhambra in Granada, Spain."
1,"How long does it take to process a visa for retirees in Spain?"
0,"I enjoy the traditional Spanish pottery and ceramics."
1,"¿Cuáles son los requisitos para una visa de trabajo temporal en el sector de la construcción en España?"
0,"I plan to visit the historic city walls of Ávila."
1,"How long does it take to process a visa for seasonal agricultural work in Spain?"
0,"I'm a fan of Spanish contemporary theater productions."
1,"¿Cuáles son las condiciones para obtener una visa humanitaria en caso de catástrofes en España?"
0,"I want to experience the Carnival of Cádiz, Spain."
1,"What is the process for obtaining a visa for family caregivers in Spain?"
0,"I enjoy watching Spanish nature documentaries."
1,"¿Cuáles son los requisitos para una visa de trabajo temporal en el sector agrícola en España?"
0,"I want to experience the enchanting Alhambra in Granada, Spain."
1,"How long does it take to process a visa for retirees in Spain?"
0,"I enjoy the traditional Spanish pottery and ceramics."
1,"¿Cuáles son los requisitos para una visa de trabajo temporal en el sector de la construcción en España?"
0,"I plan to visit the historic city walls of Ávila."
1,"How long does it take to process a visa for seasonal agricultural work in Spain?"
0,"I'm a fan of Spanish contemporary theater productions."
1,"¿Cuáles son las condiciones para obtener una visa humanitaria en caso de catástrofes en España?"
0,"I want to experience the Carnival of Cádiz, Spain."
1,"What is the process for obtaining a visa for family caregivers in Spain?"
0,"I enjoy watching Spanish nature documentaries."
1,"¿Cuáles son los requisitos para una visa de trabajo temporal en el sector agrícola en España?"
0,"I want to experience the enchanting Alhambra in Granada, Spain."
1,"How long does it take to process a visa for retirees in Spain?"
0,"I enjoy the traditional Spanish pottery and ceramics."
1,"¿Cuáles son los requisitos para una visa de trabajo temporal en el sector de la construcción en España?"
0,"I plan to visit the historic city walls of Ávila."
1,"How long does it take to process a visa for seasonal agricultural work in Spain?"
0,"I'm a fan of Spanish contemporary theater productions."
1,"¿Cuáles son las condiciones para obtener una visa humanitaria en caso de catástrofes en España?"
0,"I want to experience the Carnival of Cádiz, Spain."
1,"What is the process for obtaining a visa for family caregivers in Spain?"
0,"I enjoy watching Spanish nature documentaries."
1,"¿Cuáles son los requisitos para una visa de trabajo temporal en el sector agrícola en España?"
0,"I want to experience the enchanting Alhambra in Granada, Spain."
1,"How long does it take to process a visa for retirees in Spain?"
0,"I enjoy the traditional Spanish pottery and ceramics."
1,"¿Cuáles son los requisitos para una visa de trabajo temporal en el sector de la construcción en España?"
0,"I plan to visit the historic city walls of Ávila."
1,"How long does it take to process a visa for seasonal agricultural work in Spain?"
0,"I'm a fan of Spanish contemporary theater productions."
1,"¿Cuáles son las condiciones para obtener una visa humanitaria en caso de catástrofes en España?"
0,"I want to experience the Carnival of Cádiz, Spain."
1,"What is the process for obtaining a visa for family caregivers in Spain?"
0,"I enjoy watching Spanish nature documentaries."
1,"¿Cuáles son los requisitos para una visa de trabajo temporal en el sector agrícola en España?"
0,"I want to experience the enchanting Alhambra in Granada, Spain."
1,"How long does it take to process a visa for retirees in Spain?"
0,"I enjoy the traditional Spanish pottery and ceramics."
1,"¿Cuáles son los requisitos para una visa de trabajo temporal en el sector de la construcción en España?"
0,"I plan to visit the historic city walls of Ávila."
1,"How long does it take to process a visa for seasonal agricultural work in Spain?"
0,"I'm a fan of Spanish contemporary theater productions."
1,"What are the qualifications for obtaining a work visa in Spain?"
0,"I enjoy exploring Spanish museums and art galleries."
1,"¿Cuál es la duración máxima de una visa de turista en España?"
0,"I plan to hike in the Spanish national parks."
1,"How can I apply for a family reunion visa for my parents in Spain?"
0,"I'm a fan of Spanish flamenco music."
1,"¿Cuáles son los requisitos para una visa de residencia para jubilados con inversiones en España?"
0,"I want to experience the excitement of Spanish bullfighting."
1,"What is the process for obtaining a talent visa for artists and performers in Spain?"
0,"I enjoy trying traditional Spanish dishes like paella."
1,"¿Cuál es el procedimiento para obtener la residencia por inversión en bienes raíces en España?"
0,"I plan to explore the historic architecture of Spanish cities."
1,"How long does it take to process a student visa application for Spain?"
0,"I'm a fan of Spanish street performers."
1,"¿Cuáles son las tasas de matrícula para estudiantes extranjeros en universidades españolas?"
0,"I want to witness the excitement of the Running of the Bulls in Pamplona."
1,"What is the process for obtaining a visa for language study programs in Spain?"
0,"I enjoy the vibrant nightlife of Spanish cities."
1,"¿Cuáles son las condiciones para obtener una visa humanitaria en caso de desastres naturales en España?"
0,"I plan to attend a Spanish flamenco music concert."
1,"How can I apply for a sports visa to compete in Spain?"
0,"I'm a fan of Spanish contemporary art exhibitions."
1,"¿Cuáles son los requisitos para una visa de residencia para artistas y creativos en España?"
0,"I want to experience the Semana Santa processions in Spain."
1,"What is the procedure for obtaining a visa for religious workers and missionaries in Spain?"
0,"I enjoy the traditional Spanish custom of tapas."
1,"¿Cuáles son los derechos laborales de los trabajadores extranjeros en España?"
0,"I plan to visit the historic town of Tarragona."
1,"How long does it take to process a skilled worker visa application for Spain?"
0,"I'm a fan of Spanish contemporary dance performances."
1,"¿Cuáles son las tasas de matrícula para programas de posgrado en universidades españolas?"
0,"I want to explore the natural beauty of the Spanish countryside."
1,"What is the process for obtaining a visa for scientific research and scholars in Spain?"
0,"I enjoy the cultural diversity of Spanish festivals."
1,"¿Cuáles son las condiciones para obtener una visa humanitaria en caso de refugiados en España?"
0,"I plan to attend a Spanish wine tasting event."
1,"How can I apply for an entrepreneur visa for startup ventures in Spain?"
0,"I'm a fan of Spanish electronic music festivals."
1,"¿Cuáles son los requisitos para una visa de residencia para profesionales médicos en España?"
0,"I want to witness the Feria de Abril in Seville."
1,"What is the process for obtaining a visa for humanitarian purposes in Spain?"
0,"I enjoy exploring the historic sites of Spain's ancient civilizations."
1,"¿Cuáles son las condiciones para obtener una visa de reagrupación familiar para hijos en España?"
0,"I plan to visit the traditional bodegas of La Mancha."
1,"How can I apply for a religious studies visa in Spain?"
0,"I'm a fan of Spanish contemporary photography."
1,"¿Cuáles son los derechos laborales de los estudiantes extranjeros que trabajan en España?"
0,"I want to experience the lively atmosphere of Valencia's Fallas festival."
1,"What is the process for obtaining a visa for cultural exchange and arts programs in Spain?"
0,"I enjoy the traditional Spanish art of flamenco dance."
1,"¿Cuáles son los requisitos para una visa humanitaria en caso de emergencias médicas en España?"
0,"I plan to visit the historic Roman ruins in Mérida, Spain."
1,"How can I apply for a family reunion visa for my spouse and children in Spain?"
0,"I'm a fan of Spanish contemporary sculpture."
1,"¿Cuáles son las condiciones para obtener una visa de trabajo temporal en España?"
0,"I want to experience the vibrant atmosphere of Madrid's Puerta del Sol."
1,"What is the process for obtaining a visa for internships in Spain?"
0,"I enjoy the Spanish tradition of afternoon siestas."
1,"¿Cuáles son los requisitos para una visa de residencia para inversionistas en España?"
0,"I plan to explore the historic Jewish quarter of Toledo."
1,"How long does it take to process a visa for seasonal agricultural work in Spain?"
0,"I'm a fan of Spanish contemporary theater productions."
1,"¿Cuáles son las condiciones para obtener una visa humanitaria en caso de catástrofes en España?"
0,"I want to experience the Carnival of Cádiz, Spain."
1,"What is the process for obtaining a visa for family caregivers in Spain?"
0,"I enjoy watching Spanish nature documentaries."
1,"What are the qualifications for obtaining a work visa in Spain?"
0,"I enjoy exploring Spanish museums and art galleries."
1,"¿Cuál es la duración máxima de una visa de turista en España?"
0,"I plan to hike in the Spanish national parks."
1,"How can I apply for a family reunion visa for my parents in Spain?"
0,"I'm a fan of Spanish flamenco music."
1,"¿Cuáles son los requisitos para una visa de residencia para jubilados con inversiones en España?"
0,"I want to experience the excitement of Spanish bullfighting."
1,"What is the process for obtaining a talent visa for artists and performers in Spain?"
0,"I enjoy trying traditional Spanish dishes like paella."
1,"¿Cuál es el procedimiento para obtener la residencia por inversión en bienes raíces en España?"
0,"I plan to explore the historic architecture of Spanish cities."
1,"How long does it take to process a student visa application for Spain?"
0,"I'm a fan of Spanish street performers."
1,"¿Cuáles son las tasas de matrícula para estudiantes extranjeros en universidades españolas?"
0,"I want to witness the excitement of the Running of the Bulls in Pamplona."
1,"What is the process for obtaining a visa for language study programs in Spain?"
0,"I enjoy the vibrant nightlife of Spanish cities."
1,"¿Cuáles son las condiciones para obtener una visa humanitaria en caso de desastres naturales en España?"
0,"I plan to attend a Spanish flamenco music concert."
1,"How can I apply for a sports visa to compete in Spain?"
0,"I'm a fan of Spanish contemporary art exhibitions."
1,"¿Cuáles son los requisitos para una visa de residencia para artistas y creativos en España?"
0,"I want to experience the Semana Santa processions in Spain."
1,"What is the procedure for obtaining a visa for religious workers and missionaries in Spain?"
0,"I enjoy the traditional Spanish custom of tapas."
1,"¿Cuáles son los derechos laborales de los trabajadores extranjeros en España?"
0,"I plan to visit the historic town of Tarragona."
1,"How long does it take to process a skilled worker visa application for Spain?"
0,"I'm a fan of Spanish contemporary dance performances."
1,"¿Cuáles son las tasas de matrícula para programas de posgrado en universidades españolas?"
0,"I want to explore the natural beauty of the Spanish countryside."
1,"What is the process for obtaining a visa for scientific research and scholars in Spain?"
0,"I enjoy the cultural diversity of Spanish festivals."
1,"¿Cuáles son las condiciones para obtener una visa humanitaria en caso de refugiados en España?"
0,"I plan to attend a Spanish wine tasting event."
1,"How can I apply for an entrepreneur visa for startup ventures in Spain?"
0,"I'm a fan of Spanish electronic music festivals."
1,"¿Cuáles son los requisitos para una visa de residencia para profesionales médicos en España?"
0,"I want to witness the Feria de Abril in Seville."
1,"What is the process for obtaining a visa for humanitarian purposes in Spain?"
0,"I enjoy exploring the historic sites of Spain's ancient civilizations."
1,"¿Cuáles son las condiciones para obtener una visa de reagrupación familiar para hijos en España?"
0,"I plan to visit the traditional bodegas of La Mancha."
1,"How can I apply for a religious studies visa in Spain?"
0,"I'm a fan of Spanish contemporary photography."
1,"¿Cuáles son los derechos laborales de los estudiantes extranjeros que trabajan en España?"
0,"I want to experience the lively atmosphere of Valencia's Fallas festival."
1,"What is the process for obtaining a visa for cultural exchange and arts programs in Spain?"
0,"I enjoy the traditional Spanish art of flamenco dance."
1,"¿Cuáles son los requisitos para una visa humanitaria en caso de emergencias médicas en España?"
0,"I plan to visit the historic Roman ruins in Mérida, Spain."
1,"How can I apply for a family reunion visa for my spouse and children in Spain?"
0,"I'm a fan of Spanish contemporary sculpture."
1,"¿Cuáles son las condiciones para obtener una visa de trabajo temporal en España?"
0,"I want to experience the vibrant atmosphere of Madrid's Puerta del Sol."
1,"What is the process for obtaining a visa for internships in Spain?"
0,"I enjoy the Spanish tradition of afternoon siestas."
1,"¿Cuáles son los requisitos para una visa de residencia para inversionistas en España?"
0,"I plan to explore the historic Jewish quarter of Toledo."
1,"How long does it take to process a visa for seasonal agricultural work in Spain?"
0,"I'm a fan of Spanish contemporary theater productions."
1,"¿Cuáles son las condiciones para obtener una visa humanitaria en caso de catástrofes en España?"
0,"I want to experience the Carnival of Cádiz, Spain."
1,"What is the process for obtaining a visa for family caregivers in Spain?"
0,"I enjoy watching Spanish nature documentaries."
1,"What are the qualifications for obtaining a work visa in Spain?"
0,"I enjoy exploring Spanish museums and art galleries."
1,"¿Cuál es la duración máxima de una visa de turista en España?"
0,"I plan to hike in the Spanish national parks."
1,"How can I apply for a family reunion visa for my parents in Spain?"
0,"I'm a fan of Spanish flamenco music."
1,"¿Cuáles son los requisitos para una visa de residencia para jubilados con inversiones en España?"
0,"I want to experience the excitement of Spanish bullfighting."
1,"What is the process for obtaining a talent visa for artists and performers in Spain?"
0,"I enjoy trying traditional Spanish dishes like paella."
1,"¿Cuál es el procedimiento para obtener la residencia por inversión en bienes raíces en España?"
0,"I plan to explore the historic architecture of Spanish cities."
1,"How long does it take to process a student visa application for Spain?"
0,"I'm a fan of Spanish street performers."
1,"¿Cuáles son las tasas de matrícula para estudiantes extranjeros en universidades españolas?"
0,"I want to witness the excitement of the Running of the Bulls in Pamplona."
1,"What is the process for obtaining a visa for language study programs in Spain?"
0,"I enjoy the vibrant nightlife of Spanish cities."
1,"¿Cuáles son las condiciones para obtener una visa humanitaria en caso de desastres naturales en España?"
0,"I plan to attend a Spanish flamenco music concert."
1,"How can I apply for a sports visa to compete in Spain?"
0,"I'm a fan of Spanish contemporary art exhibitions."
1,"¿Cuáles son los requisitos para una visa de residencia para artistas y creativos en España?"
0,"I want to experience the Semana Santa processions in Spain."
1,"What is the procedure for obtaining a visa for religious workers and missionaries in Spain?"
0,"I enjoy the traditional Spanish custom of tapas."
1,"¿Cuáles son los derechos laborales de los trabajadores extranjeros en España?"
0,"I plan to visit the historic town of Tarragona."
1,"How long does it take to process a skilled worker visa application for Spain?"
0,"I'm a fan of Spanish contemporary dance performances."
1,"¿Cuáles son las tasas de matrícula para programas de posgrado en universidades españolas?"
0,"I want to explore the natural beauty of the Spanish countryside."
1,"What is the process for obtaining a visa for scientific research and scholars in Spain?"
0,"I enjoy the cultural diversity of Spanish festivals."
1,"¿Cuáles son las condiciones para obtener una visa humanitaria en caso de refugiados en España?"
0,"I plan to attend a Spanish wine tasting event."
1,"How can I apply for an entrepreneur visa for startup ventures in Spain?"
0,"I'm a fan of Spanish electronic music festivals."
1,"¿Cuáles son los requisitos para una visa de residencia para profesionales médicos en España?"
0,"I want to witness the Feria de Abril in Seville."
1,"What is the process for obtaining a visa for humanitarian purposes in Spain?"
0,"I enjoy exploring the historic sites of Spain's ancient civilizations."
1,"¿Cuáles son las condiciones para obtener una visa de reagrupación familiar para hijos en España?"
0,"I plan to visit the traditional bodegas of La Mancha."
1,"How can I apply for a religious studies visa in Spain?"
0,"I'm a fan of Spanish contemporary photography."
1,"¿Cuáles son los derechos laborales de los estudiantes extranjeros que trabajan en España?"
0,"I want to experience the lively atmosphere of Valencia's Fallas festival."
1,"What is the process for obtaining a visa for cultural exchange and arts programs in Spain?"
0,"I enjoy the traditional Spanish art of flamenco dance."
1,"¿Cuáles son los requisitos para una visa humanitaria en caso de emergencias médicas en España?"
0,"I plan to visit the historic Roman ruins in Mérida, Spain."
1,"How can I apply for a family reunion visa for my spouse and children in Spain?"
0,"I'm a fan of Spanish contemporary sculpture."
1,"¿Cuáles son las condiciones para obtener una visa de trabajo temporal en España?"
0,"I want to experience the vibrant atmosphere of Madrid's Puerta del Sol."
1,"What is the process for obtaining a visa for internships in Spain?"
0,"I enjoy the Spanish tradition of afternoon siestas."
1,"¿Cuáles son los requisitos para una visa de residencia para inversionistas en España?"
0,"I plan to explore the historic Jewish quarter of Toledo."
1,"How long does it take to process a visa for seasonal agricultural work in Spain?"
0,"I'm a fan of Spanish contemporary theater productions."
1,"¿Cuáles son las condiciones para obtener una visa humanitaria en caso de catástrofes en España?"
0,"I want to experience the Carnival of Cádiz, Spain."
1,"What is the process for obtaining a visa for family caregivers in Spain?"
0,"I enjoy watching Spanish nature documentaries."
1,"What are the qualifications for obtaining a work visa in Spain?"
0,"I enjoy exploring Spanish museums and art galleries."
1,"¿Cuál es la duración máxima de una visa de turista en España?"
0,"I plan to hike in the Spanish national parks."
1,"How can I apply for a family reunion visa for my parents in Spain?"
0,"I'm a fan of Spanish flamenco music."
1,"¿Cuáles son los requisitos para una visa de residencia para jubilados con inversiones en España?"
0,"I want to experience the excitement of Spanish bullfighting."
1,"What is the process for obtaining a talent visa for artists and performers in Spain?"
0,"I enjoy trying traditional Spanish dishes like paella."
1,"¿Cuál es el procedimiento para obtener la residencia por inversión en bienes raíces en España?"
0,"I plan to explore the historic architecture of Spanish cities."
1,"How long does it take to process a student visa application for Spain?"
0,"I'm a fan of Spanish street performers."
1,"¿Cuáles son las tasas de matrícula para estudiantes extranjeros en universidades españolas?"
0,"I want to witness the excitement of the Running of the Bulls in Pamplona."
1,"What is the process for obtaining a visa for language study programs in Spain?"
0,"I enjoy the vibrant nightlife of Spanish cities."
1,"¿Cuáles son las condiciones para obtener una visa humanitaria en caso de desastres naturales en España?"
0,"I plan to attend a Spanish flamenco music concert."
1,"How can I apply for a sports visa to compete in Spain?"
0,"I'm a fan of Spanish contemporary art exhibitions."
1,"¿Cuáles son los requisitos para una visa de residencia para artistas y creativos en España?"
0,"I want to experience the Semana Santa processions in Spain."
1,"What is the procedure for obtaining a visa for religious workers and missionaries in Spain?"
0,"I enjoy the traditional Spanish custom of tapas."
1,"¿Cuáles son los derechos laborales de los trabajadores extranjeros en España?"
0,"I plan to visit the historic town of Tarragona."
1,"How long does it take to process a skilled worker visa application for Spain?"
0,"I'm a fan of Spanish contemporary dance performances."
1,"¿Cuáles son las tasas de matrícula para programas de posgrado en universidades españolas?"
0,"I want to explore the natural beauty of the Spanish countryside."
1,"What is the process for obtaining a visa for scientific research and scholars in Spain?"
0,"I enjoy the cultural diversity of Spanish festivals."
1,"¿Cuáles son las condiciones para obtener una visa humanitaria en caso de refugiados en España?"
0,"I plan to attend a Spanish wine tasting event."
1,"How can I apply for an entrepreneur visa for startup ventures in Spain?"
0,"I'm a fan of Spanish electronic music festivals."
1,"¿Cuáles son los requisitos para una visa de residencia para profesionales médicos en España?"
0,"I want to witness the Feria de Abril in Seville."
1,"What is the process for obtaining a visa for humanitarian purposes in Spain?"
0,"I enjoy exploring the historic sites of Spain's ancient civilizations."
1,"¿Cuáles son las condiciones para obtener una visa de reagrupación familiar para hijos en España?"
0,"I plan to visit the traditional bodegas of La Mancha."
1,"How can I apply for a religious studies visa in Spain?"
0,"I'm a fan of Spanish contemporary photography."
1,"¿Cuáles son los derechos laborales de los estudiantes extranjeros que trabajan en España?"
0,"I want to experience the lively atmosphere of Valencia's Fallas festival."
1,"What is the process for obtaining a visa for cultural exchange and arts programs in Spain?"
0,"I enjoy the traditional Spanish art of flamenco dance."
1,"¿Cuáles son los requisitos para una visa humanitaria en caso de emergencias médicas en España?"
0,"I plan to visit the historic Roman ruins in Mérida, Spain."
1,"How can I apply for a family reunion visa for my spouse and children in Spain?"
0,"I'm a fan of Spanish contemporary sculpture."
1,"¿Cuáles son las condiciones para obtener una visa de trabajo temporal en España?"
0,"I want to experience the vibrant atmosphere of Madrid's Puerta del Sol."
1,"What is the process for obtaining a visa for internships in Spain?"
0,"I enjoy the Spanish tradition of afternoon siestas."
1,"¿Cuáles son los requisitos para una visa de residencia para inversionistas en España?"
0,"I plan to explore the historic Jewish quarter of Toledo."
1,"How long does it take to process a visa for seasonal agricultural work in Spain?"
0,"I'm a fan of Spanish contemporary theater productions."
1,"¿Cuáles son las condiciones para obtener una visa
1,"What are the qualifications for obtaining a work visa in Spain?"
0,"I enjoy exploring Spanish museums and art galleries."
1,"¿Cuál es la duración máxima de una visa de turista en España?"
0,"I plan to hike in the Spanish national parks."
1,"How can I apply for a family reunion visa for my parents in Spain?"
0,"I'm a fan of Spanish flamenco music."
1,"¿Cuáles son los requisitos para una visa de residencia para jubilados con inversiones en España?"
0,"I want to experience the excitement of Spanish bullfighting."
1,"What is the process for obtaining a talent visa for artists and performers in Spain?"
0,"I enjoy trying traditional Spanish dishes like paella."
1,"¿Cuál es el procedimiento para obtener la residencia por inversión en bienes raíces en España?"
0,"I plan to explore the historic architecture of Spanish cities."
1,"How long does it take to process a student visa application for Spain?"
0,"I'm a fan of Spanish street performers."
1,"¿Cuáles son las tasas de matrícula para estudiantes extranjeros en universidades españolas?"
0,"I want to witness the excitement of the Running of the Bulls in Pamplona."
1,"What is the process for obtaining a visa for language study programs in Spain?"
0,"I enjoy the vibrant nightlife of Spanish cities."
1,"¿Cuáles son las condiciones para obtener una visa humanitaria en caso de desastres naturales en España?"
0,"I plan to attend a Spanish flamenco music concert."
1,"How can I apply for a sports visa to compete in Spain?"
0,"I'm a fan of Spanish contemporary art exhibitions."
1,"¿Cuáles son los requisitos para una visa de residencia para artistas y creativos en España?"
0,"I want to experience the Semana Santa processions in Spain."
1,"What is the procedure for obtaining a visa for religious workers and missionaries in Spain?"
0,"I enjoy the traditional Spanish custom of tapas."
1,"¿Cuáles son los derechos laborales de los trabajadores extranjeros en España?"
0,"I plan to visit the historic town of Tarragona."
1,"How long does it take to process a skilled worker visa application for Spain?"
0,"I'm a fan of Spanish contemporary dance performances."
1,"¿Cuáles son las tasas de matrícula para programas de posgrado en universidades españolas?"
0,"I want to explore the natural beauty of the Spanish countryside."
1,"What is the process for obtaining a visa for scientific research and scholars in Spain?"
0,"I enjoy the cultural diversity of Spanish festivals."
1,"¿Cuáles son las condiciones para obtener una visa humanitaria en caso de refugiados en España?"
0,"I plan to attend a Spanish wine tasting event."
1,"How can I apply for an entrepreneur visa for startup ventures in Spain?"
0,"I'm a fan of Spanish electronic music festivals."
1,"¿Cuáles son los requisitos para una visa de residencia para profesionales médicos en España?"
0,"I want to witness the Feria de Abril in Seville."
1,"What is the process for obtaining a visa for humanitarian purposes in Spain?"
0,"I enjoy exploring the historic sites of Spain's ancient civilizations."
1,"¿Cuáles son las condiciones para obtener una visa de reagrupación familiar para hijos en España?"
0,"I plan to visit the traditional bodegas of La Mancha."
1,"How can I apply for a religious studies visa in Spain?"
0,"I'm a fan of Spanish contemporary photography."
1,"¿Cuáles son los derechos laborales de los estudiantes extranjeros que trabajan en España?"
0,"I want to experience the lively atmosphere of Valencia's Fallas festival."
1,"What is the process for obtaining a visa for cultural exchange and arts programs in Spain?"
0,"I enjoy the traditional Spanish art of flamenco dance."
1,"¿Cuáles son los requisitos para una visa humanitaria en caso de emergencias médicas en España?"
0,"I plan to visit the historic Roman ruins in Mérida, Spain."
1,"How can I apply for a family reunion visa for my spouse and children in Spain?"
0,"I'm a fan of Spanish contemporary sculpture."
1,"¿Cuáles son las condiciones para obtener una visa de trabajo temporal en España?"
0,"I want to experience the vibrant atmosphere of Madrid's Puerta del Sol."
1,"What is the process for obtaining a visa for internships in Spain?"
0,"I enjoy the Spanish tradition of afternoon siestas."
1,"¿Cuáles son los requisitos para una visa de residencia para inversionistas en España?"
0,"I plan to explore the historic Jewish quarter of Toledo."
1,"How long does it take to process a visa for seasonal agricultural work in Spain?"
0,"I'm a fan of Spanish contemporary theater productions."
1,"¿Cuáles son las condiciones para obtener una visa humanitaria en caso de catástrofes en España?"
0,"I want to experience the Carnival of Cádiz, Spain."
1,"What is the process for obtaining a visa for family caregivers in Spain?"
0,"I enjoy watching Spanish nature documentaries."
1,"What are the qualifications for obtaining a work visa in Spain?"
0,"I enjoy exploring Spanish museums and art galleries."
1,"¿Cuál es la duración máxima de una visa de turista en España?"
0,"I plan to hike in the Spanish national parks."
1,"How can I apply for a family reunion visa for my parents in Spain?"
0,"I'm a fan of Spanish flamenco music."
1,"¿Cuáles son los requisitos para una visa de residencia para jubilados con inversiones en España?"
0,"I want to experience the excitement of Spanish bullfighting."
1,"What is the process for obtaining a talent visa for artists and performers in Spain?"
0,"I enjoy trying traditional Spanish dishes like paella."
1,"¿Cuál es el procedimiento para obtener la residencia por inversión en bienes raíces en España?"
0,"I plan to explore the historic architecture of Spanish cities."
1,"How long does it take to process a student visa application for Spain?"
0,"I'm a fan of Spanish street performers."
1,"¿Cuáles son las tasas de matrícula para estudiantes extranjeros en universidades españolas?"
0,"I want to witness the excitement of the Running of the Bulls in Pamplona."
1,"What is the process for obtaining a visa for language study programs in Spain?"
0,"I enjoy the vibrant nightlife of Spanish cities."
1,"¿Cuáles son las condiciones para obtener una visa humanitaria en caso de desastres naturales en España?"
0,"I plan to attend a Spanish flamenco music concert."
1,"How can I apply for a sports visa to compete in Spain?"
0,"I'm a fan of Spanish contemporary art exhibitions."
1,"¿Cuáles son los requisitos para una visa de residencia para artistas y creativos en España?"
0,"I want to experience the Semana Santa processions in Spain."
1,"What is the procedure for obtaining a visa for religious workers and missionaries in Spain?"
0,"I enjoy the traditional Spanish custom of tapas."
1,"¿Cuáles son los derechos laborales de los trabajadores extranjeros en España?"
0,"I plan to visit the historic town of Tarragona."
1,"How long does it take to process a skilled worker visa application for Spain?"
0,"I'm a fan of Spanish contemporary dance performances."
1,"¿Cuáles son las tasas de matrícula para programas de posgrado en universidades españolas?"
0,"I want to explore the natural beauty of the Spanish countryside."
1,"What is the process for obtaining a visa for scientific research and scholars in Spain?"
0,"I enjoy the cultural diversity of Spanish festivals."
1,"¿Cuáles son las condiciones para obtener una visa humanitaria en caso de refugiados en España?"
0,"I plan to attend a Spanish wine tasting event."
1,"How can I apply for an entrepreneur visa for startup ventures in Spain?"
0,"I'm a fan of Spanish electronic music festivals."
1,"¿Cuáles son los requisitos para una visa de residencia para profesionales médicos en España?"
0,"I want to witness the Feria de Abril in Seville."
1,"What is the process for obtaining a visa for humanitarian purposes in Spain?"
0,"I enjoy exploring the historic sites of Spain's ancient civilizations."
1,"¿Cuáles son las condiciones para obtener una visa de reagrupación familiar para hijos en España?"
0,"I plan to visit the traditional bodegas of La Mancha."
1,"How can I apply for a religious studies visa in Spain?"
0,"I'm a fan of Spanish contemporary photography."
1,"¿Cuáles son los derechos laborales de los estudiantes extranjeros que trabajan en España?"
0,"I want to experience the lively atmosphere of Valencia's Fallas festival."
1,"What is the process for obtaining a visa for cultural exchange and arts programs in Spain?"
0,"I enjoy the traditional Spanish art of flamenco dance."
1,"¿Cuáles son los requisitos para una visa humanitaria en caso de emergencias médicas en España?"
0,"I plan to visit the historic Roman ruins in Mérida, Spain."
1,"How can I apply for a family reunion visa for my spouse and children in Spain?"
0,"I'm a fan of Spanish contemporary sculpture."
1,"¿Cuáles son las condiciones para obtener una visa de trabajo temporal en España?"
0,"I want to experience the vibrant atmosphere of Madrid's Puerta del Sol."
1,"What is the process for obtaining a visa for internships in Spain?"
0,"I enjoy the Spanish tradition of afternoon siestas."
1,"¿Cuáles son los requisitos para una visa de residencia para inversionistas en España?"
0,"I plan to explore the historic Jewish quarter of Toledo."
0,"The beautiful beaches of Barcelona are a must-visit."
1,"¿Cuál es el proceso para solicitar asilo político en España?"
0,"I love Spanish cuisine, especially paella."
1,"¿Cuáles son los derechos laborales de los trabajadores migrantes en España?"
0,"The architecture of Antoni Gaudí in Barcelona is stunning."
1,"¿Cuál es el procedimiento para obtener la nacionalidad española?"
0,"I enjoy the vibrant street markets in Spanish cities."
1,"¿Cuáles son los requisitos para casarse en España como extranjero?"
0,"I want to learn to dance the flamenco in Spain."
1,"¿Cuál es el sistema de educación en España?"
0,"I plan to go hiking in the Spanish Pyrenees."
1,"¿Cuál es la política de inmigración actual en España?"
0,"I'm a fan of Spanish literature, especially Miguel de Cervantes."
1,"¿Cuáles son las opciones de seguro de salud para expatriados en España?"
0,"I'd love to explore the historic Alhambra in Granada."
1,"¿Cuál es el proceso de naturalización para extranjeros en España?"
0,"I'm fascinated by the history of the Spanish Civil War."
1,"¿Cuál es el sistema de jubilación en España?"
0,"I plan to attend a traditional Spanish bullfight."
1,"¿Cuáles son los trámites para obtener una licencia de conducir en España?"
0,"I enjoy the Spanish tradition of tapas and wine."
1,"¿Cuál es la situación de los refugiados en España?"
0,"I want to experience the excitement of a Spanish fiesta."
1,"¿Cuál es la política de vivienda en España?"
0,"I'm interested in learning the Spanish language."
1,"¿Cuál es la tasa de desempleo actual en España?"
0,"I plan to explore the historic Roman ruins in Tarragona."
1,"¿Cuál es la política ambiental en España?"
0,"I'm a fan of Spanish football and want to watch a live match."
1,"¿Cuáles son las leyes de tráfico en España?"
0,"I enjoy the traditional Spanish custom of siesta."
1,"¿Cuál es la situación de la igualdad de género en España?"
0,"I want to visit the picturesque villages of Andalusia."
1,"¿Cuál es la política de impuestos en España?"
0,"I'm a fan of Spanish art, particularly the works of Picasso."
1,"¿Cuál es la política de energía renovable en España?"
0,"I plan to take a culinary tour of Spanish cuisine."
1,"¿Cuál es la política de transporte público en España?"
0,"I enjoy the beautiful landscapes of the Spanish countryside."
1,"¿Cuál es la situación de la educación infantil en España?"
0,"I want to experience the lively atmosphere of Las Ramblas in Barcelona."
1,"¿Cuál es la política de derechos LGBT en España?"
0,"I'm interested in exploring the historic Jewish quarter of Toledo."
1,"¿Cuál es la situación de la salud mental en España?"
0,"I plan to go wine tasting in the Rioja region."
1,"¿Cuál es la política de inmigración en las Islas Canarias?"
0,"I enjoy the traditional Spanish music of flamenco guitar."
1,"¿Cuál es la situación de las personas con discapacidad en España?"
0,"I want to witness the La Tomatina festival in Buñol."
1,"¿Cuál es la política de turismo sostenible en España?"
0,"I'm a fan of Spanish cinema, especially Pedro Almodóvar's films."
1,"¿Cuál es la situación de los pueblos indígenas en España?"
0,"I plan to explore the historic city of Segovia."
1,"¿Cuál es la política de protección del medio ambiente marino en España?"
0,"I enjoy the Spanish tradition of the siesta."
1,"¿Cuál es la situación de la vivienda social en España?"
0,"I want to visit the beautiful Canary Islands."
